CountryCode,CountryName,PPP_Value,Factor,RawPrice,FinalPrice_USD
ALB,Albania,39.6673837913105,1.0,9.99,9.99
DZA,Algeria,43.7670017603446,1.0,9.99,9.99
AND,Andorra,0.607839175148891,0.607839175148891,7.6370350508933456,7.99
AGO,Angola,265.840925124981,1.0,9.99,9.99
ATG,Antigua and Barbuda,1.90391952523762,1.0,9.99,9.99
ARG,Argentina,419.901039679183,1.0,9.99,9.99
ARM,Armenia,147.231105454721,1.0,9.99,9.99
ABW,Aruba,1.39592218185229,1.0,9.99,9.99
AUS,Australia,1.366527,1.0,9.99,9.99
AUT,Austria,0.710451,0.710451,8.252706,8.99
AZE,Azerbaijan,0.49354478660225,0.49354478660225,6.9512687196135,6.99
BHS,"Bahamas, The",0.957704490977285,0.957704490977285,9.73622694586371,9.99
BHR,Bahrain,0.166560122951055,0.166560122951055,4.98936073770633,4.99
BGD,Bangladesh,29.8787873077242,1.0,9.99,9.99
BRB,Barbados,2.13877200243175,1.0,9.99,9.99
BLR,Belarus,0.817945059163395,0.817945059163395,8.89767035498037,8.99
BEL,Belgium,0.704288,0.704288,8.215728,8.99
BLZ,Belize,1.07081642735075,1.0,9.99,9.99
BEN,Benin,203.098489252852,1.0,9.99,9.99
BMU,Bermuda,1.14971520694886,1.0,9.99,9.99
BOL,Bolivia,2.37235000544932,1.0,9.99,9.99
BIH,Bosnia and Herzegovina,0.675500053313931,0.675500053313931,8.043000319883586,8.99
BWA,Botswana,5.08218196380313,1.0,9.99,9.99
BRA,Brazil,2.48731718948001,1.0,9.99,9.99
BRN,Brunei Darussalam,0.492817644064286,0.492817644064286,6.946905864385716,6.99
BGR,Bulgaria,0.757951749098367,0.757951749098367,8.537710494590202,8.99
BFA,Burkina Faso,205.610818525697,1.0,9.99,9.99
BDI,Burundi,875.87514263987,1.0,9.99,9.99
CPV,Cabo Verde,47.2731098785268,1.0,9.99,9.99
KHM,Cambodia,1343.28353426878,1.0,9.99,9.99
CMR,Cameroon,198.536346180777,1.0,9.99,9.99
CAN,Canada,1.150472,1.0,9.99,9.99
CAF,Central African Republic,247.78023515424,1.0,9.99,9.99
TCD,Chad,212.580975482862,1.0,9.99,9.99
CHL,Chile,435.778953,1.0,9.99,9.99
CHN,China,3.5325492491585,1.0,9.99,9.99
COL,Colombia,1443.718515,1.0,9.99,9.99
COM,Comoros,190.919893997601,1.0,9.99,9.99
COD,"Congo, Dem. Rep.",1006.63613613611,1.0,9.99,9.99
COG,"Congo, Rep.",214.20757379411,1.0,9.99,9.99
CRI,Costa Rica,307.792355,1.0,9.99,9.99
CIV,Cote d'Ivoire,215.672888731457,1.0,9.99,9.99
HRV,Croatia,0.44841971235566,0.44841971235566,6.68051827413396,6.99
CUW,Curacao,1.25013046369671,1.0,9.99,9.99
CYP,Cyprus,0.56709589608174,0.56709589608174,7.3925753764904405,7.99
CZE,Czechia,12.823227,1.0,9.99,9.99
DNK,Denmark,6.050211,1.0,9.99,9.99
DJI,Djibouti,80.8413593974005,1.0,9.99,9.99
DMA,Dominica,1.31893659155379,1.0,9.99,9.99
DOM,Dominican Republic,23.5211016601759,1.0,9.99,9.99
ECU,Ecuador,0.434001889105821,0.434001889105821,6.594011334634926,6.99
EGY,"Egypt, Arab Rep.",6.24782044764882,1.0,9.99,9.99
SLV,El Salvador,0.420661059675436,0.420661059675436,6.513966358052616,6.99
GNQ,Equatorial Guinea,232.828458225939,1.0,9.99,9.99
EST,Estonia,0.576166,0.576166,7.446996,7.99
SWZ,Eswatini,6.06939955235508,1.0,9.99,9.99
ETH,Ethiopia,27.1439173234342,1.0,9.99,9.99
FRO,Faroe Islands,6.23885052437826,1.0,9.99,9.99
FJI,Fiji,0.943380395118387,0.943380395118387,9.650282370710322,9.99
FIN,Finland,0.753945,0.753945,8.513670000000001,8.99
FRA,France,0.681239,0.681239,8.077434,8.99
GAB,Gabon,231.994789334726,1.0,9.99,9.99
GMB,"Gambia, The",16.9791581265962,1.0,9.99,9.99
GEO,Georgia,0.888955306771079,0.888955306771079,9.323731840626476,9.99
DEU,Germany,0.700862,0.700862,8.195172,8.99
GHA,Ghana,4.23340273263268,1.0,9.99,9.99
GRC,Greece,0.515086,0.515086,7.080516,7.99
GRD,Grenada,1.56626237427165,1.0,9.99,9.99
GTM,Guatemala,3.32078331028962,1.0,9.99,9.99
GIN,Guinea,3185.82499261202,1.0,9.99,9.99
GNB,Guinea-Bissau,195.885394476863,1.0,9.99,9.99
GUY,Guyana,77.19150912571,1.0,9.99,9.99
HTI,Haiti,88.7402552926905,1.0,9.99,9.99
HND,Honduras,11.3509098940535,1.0,9.99,9.99
HKG,"Hong Kong SAR, China",5.61186695779567,1.0,9.99,9.99
HUN,Hungary,175.578089,1.0,9.99,9.99
ISL,Iceland,141.758111,1.0,9.99,9.99
IND,India,20.4219876045922,1.0,9.99,9.99
IDN,Indonesia,4747.90857563225,1.0,9.99,9.99
IRN,"Iran, Islamic Rep.",118268.070633131,1.0,9.99,9.99
IRQ,Iraq,545.873856082559,1.0,9.99,9.99
IRL,Ireland,0.740894,0.740894,8.435364,8.99
ISR,Israel,3.50198,1.0,9.99,9.99
ITA,Italy,0.599627,0.599627,7.587762000000001,7.99
JAM,Jamaica,94.1020890725982,1.0,9.99,9.99
JPN,Japan,94.462599,1.0,9.99,9.99
JOR,Jordan,0.302994117340261,0.302994117340261,5.8079647040415665,5.99
KAZ,Kazakhstan,162.334081288311,1.0,9.99,9.99
KEN,Kenya,43.2712900869078,1.0,9.99,9.99
KIR,Kiribati,0.936735709636135,0.936735709636135,9.61041425781681,9.99
KOR,"Korea, Rep.",809.26722,1.0,9.99,9.99
XKX,Kosovo,0.363398029446885,0.363398029446885,6.1703881766813105,6.99
KWT,Kuwait,0.191333746031327,0.191333746031327,5.138002476187962,5.99
KGZ,Kyrgyz Republic,26.3240076204654,1.0,9.99,9.99
LAO,Lao PDR,4381.7249520295,1.0,9.99,9.99
LVA,Latvia,0.496528,0.496528,6.969168,6.99
LSO,Lesotho,5.93562011325191,1.0,9.99,9.99
LBR,Liberia,0.455092288485533,0.455092288485533,6.720553730913198,6.99
LBY,Libya,2.21923878847227,1.0,9.99,9.99
LTU,Lithuania,0.49104,0.49104,6.93624,6.99
LUX,Luxembourg,0.815579,0.815579,8.883474,8.99
MAC,"Macao SAR, China",4.55805241034254,1.0,9.99,9.99
MDG,Madagascar,1309.39787463694,1.0,9.99,9.99
MWI,Malawi,489.016043071952,1.0,9.99,9.99
MYS,Malaysia,1.40132714240358,1.0,9.99,9.99
MDV,Maldives,7.86384927688972,1.0,9.99,9.99
MLI,Mali,200.230096581045,1.0,9.99,9.99
MLT,Malta,0.580522225637102,0.580522225637102,7.473133353822612,7.99
MHL,Marshall Islands,0.942852652244908,0.942852652244908,9.647115913469449,9.99
MRT,Mauritania,11.3448905855963,1.0,9.99,9.99
MUS,Mauritius,17.4796592721433,1.0,9.99,9.99
MEX,Mexico,9.916562,1.0,9.99,9.99
FSM,"Micronesia, Fed. Sts.",0.958397910812363,0.958397910812363,9.740387464874178,9.99
MDA,Moldova,7.2411629601227,1.0,9.99,9.99
MNG,Mongolia,1195.34284153461,1.0,9.99,9.99
MNE,Montenegro,0.359929249277126,0.359929249277126,6.149575495662756,6.99
MAR,Morocco,3.96453983304242,1.0,9.99,9.99
MOZ,Mozambique,24.6111381541877,1.0,9.99,9.99
MMR,Myanmar,475.868546974899,1.0,9.99,9.99
NAM,Namibia,6.92131935400361,1.0,9.99,9.99
NRU,Nauru,1.46463963215346,1.0,9.99,9.99
NPL,Nepal,33.5637990824022,1.0,9.99,9.99
NLD,Netherlands,0.731421,0.731421,8.378526,8.99
NZL,New Zealand,1.463912,1.0,9.99,9.99
NIC,Nicaragua,11.9751457059146,1.0,9.99,9.99
NER,Niger,217.484010909486,1.0,9.99,9.99
NGA,Nigeria,176.331472743819,1.0,9.99,9.99
MKD,North Macedonia,19.575621107299,1.0,9.99,9.99
NOR,Norway,9.142143,1.0,9.99,9.99
OMN,Oman,0.186862455706877,0.186862455706877,5.111174734241263,5.99
PAK,Pakistan,66.9591494127257,1.0,9.99,9.99
PAN,Panama,0.463173466609024,0.463173466609024,6.769040799654144,6.99
PNG,Papua New Guinea,2.37637373433914,1.0,9.99,9.99
PRY,Paraguay,2618.66324027055,1.0,9.99,9.99
PER,Peru,1.78230274124247,1.0,9.99,9.99
PHL,Philippines,19.35653268202,1.0,9.99,9.99
POL,Poland,1.949414,1.0,9.99,9.99
PRT,Portugal,0.515993,0.515993,7.085958000000001,7.99
PRI,Puerto Rico (US),0.782993024701742,0.782993024701742,8.687958148210452,8.99
QAT,Qatar,2.21463640986909,1.0,9.99,9.99
ROU,Romania,1.88148626695853,1.0,9.99,9.99
RUS,Russian Federation,29.0629745679481,1.0,9.99,9.99
RWA,Rwanda,355.085581602396,1.0,9.99,9.99
WSM,Samoa,1.70117853616414,1.0,9.99,9.99
STP,Sao Tome and Principe,12.7576056454318,1.0,9.99,9.99
SAU,Saudi Arabia,1.84526161631689,1.0,9.99,9.99
SEN,Senegal,212.040442650725,1.0,9.99,9.99
SRB,Serbia,45.078998701649,1.0,9.99,9.99
SYC,Seychelles,7.80668759041487,1.0,9.99,9.99
SLE,Sierra Leone,5.17268406300254,1.0,9.99,9.99
SGP,Singapore,0.804049648989492,0.804049648989492,8.814297893936953,8.99
SXM,Sint Maarten (Dutch part),1.38065436506043,1.0,9.99,9.99
SVK,Slovak Republic,0.501903,0.501903,7.001418,7.99
SVN,Slovenia,0.550461,0.550461,7.292766,7.99
SLB,Solomon Islands,6.11160632540053,1.0,9.99,9.99
SOM,"Somalia, Fed. Rep.",11049.7242096074,1.0,9.99,9.99
ZAF,South Africa,7.43191283878561,1.0,9.99,9.99
ESP,Spain,0.562107,0.562107,7.362642,7.99
LKA,Sri Lanka,87.2686054398767,1.0,9.99,9.99
KNA,St. Kitts and Nevis,1.85652998326696,1.0,9.99,9.99
LCA,St. Lucia,1.38897762585527,1.0,9.99,9.99
VCT,St. Vincent and the Grenadines,1.45981547183907,1.0,9.99,9.99
SDN,Sudan,729.476687377877,1.0,9.99,9.99
SUR,Suriname,10.5958917756902,1.0,9.99,9.99
SWE,Sweden,8.490485,1.0,9.99,9.99
CHE,Switzerland,0.972889,0.972889,9.827334,9.99
TJK,Tajikistan,2.67931126140168,1.0,9.99,9.99
TZA,Tanzania,730.424331119855,1.0,9.99,9.99
THA,Thailand,10.4923732985879,1.0,9.99,9.99
TLS,Timor-Leste,0.301161456791842,0.301161456791842,5.796968740751052,5.99
TGO,Togo,201.675895153365,1.0,9.99,9.99
TTO,Trinidad and Tobago,3.48081488254357,1.0,9.99,9.99
TUN,Tunisia,0.896141941458351,0.896141941458351,9.366851648750107,9.99
TUR,Turkiye,11.554529,1.0,9.99,9.99
TKM,Turkmenistan,1.5118910193265,1.0,9.99,9.99
TCA,Turks and Caicos Islands,0.988206691271252,0.988206691271252,9.919240147627512,9.99
TUV,Tuvalu,1.57916853769056,1.0,9.99,9.99
UGA,Uganda,1244.29989240795,1.0,9.99,9.99
UKR,Ukraine,11.6654001366924,1.0,9.99,9.99
ARE,United Arab Emirates,2.33033434270159,1.0,9.99,9.99
GBR,United Kingdom,0.664153,0.664153,7.974918000000001,7.99
USA,United States,1.0,1.0,9.99,9.99
URY,Uruguay,26.3976838152141,1.0,9.99,9.99
UZB,Uzbekistan,3367.64393969072,1.0,9.99,9.99
VUT,Vanuatu,112.727226133825,1.0,9.99,9.99
VNM,Viet Nam,6956.92750425086,1.0,9.99,9.99
PSE,West Bank and Gaza,0.593054191376851,0.593054191376851,7.548325148261107,7.99
ZMB,Zambia,7.3696780609959,1.0,9.99,9.99
ZWE,Zimbabwe,8.34539184866139,1.0,9.99,9.99
